case_id,station,lead_h,hs_pred
C0001,S-ORS,3,1.9914385887348862
C0001,S-ORS,6,1.363981227491122
C0001,S-ORS,9,1.6529911323600575
C0001,S-ORS,12,2.2633011986569374
C0001,S-ORS,18,1.5345914999244759
C0001,S-ORS,24,2.0148816315022167
C0002,I-ORS,3,1.6771472891634578
C0002,I-ORS,6,1.6414052832447579
C0002,I-ORS,9,1.6010009145352415
C0002,I-ORS,12,1.634621765910819
C0002,I-ORS,18,1.509355486754117
C0002,I-ORS,24,1.206569725006391
C0003,G-ORS,3,2.112510858534052
C0003,G-ORS,6,2.3151699051305394
C0003,G-ORS,9,2.4407921003376174
C0003,G-ORS,12,1.8616467581130243
C0003,G-ORS,18,1.5443741127193231
C0003,G-ORS,24,1.3805662970825228
C0004,I-ORS,3,2.1640980877987612
C0004,I-ORS,6,2.3516653804099716
C0004,I-ORS,9,2.5042889236157118
C0004,I-ORS,12,2.2863519431489
C0004,I-ORS,18,2.311833454170062
C0004,I-ORS,24,2.1123015724088257
C0005,G-ORS,3,0.9501830440985742
C0005,G-ORS,6,0.9997027902492212
C0005,G-ORS,9,1.5162181164116537
C0005,G-ORS,12,1.7230920772522775
C0005,G-ORS,18,1.3586465421480685
C0005,G-ORS,24,1.3488606653594024
C0006,G-ORS,3,1.5273084042397738
C0006,G-ORS,6,1.3222890268629302
C0006,G-ORS,9,1.1847681674859902
C0006,G-ORS,12,1.5170056829956862
C0006,G-ORS,18,1.557680805645906
C0006,G-ORS,24,1.7056870701111047
C0007,S-ORS,3,1.4369797422458974
C0007,S-ORS,6,1.3332354439093084
C0007,S-ORS,9,1.2558690379553465
C0007,S-ORS,12,1.3362150894635594
C0007,S-ORS,18,1.343813854006617
C0007,S-ORS,24,0.9923863001867081
C0008,S-ORS,3,1.8051334876448515
C0008,S-ORS,6,2.2970317515488317
C0008,S-ORS,9,2.353767638052752
C0008,S-ORS,12,1.8682470546799728
C0008,S-ORS,18,1.6215455199763245
C0008,S-ORS,24,1.9941442814079824
C0009,I-ORS,3,1.9339124988381269
C0009,I-ORS,6,2.271066140856952
C0009,I-ORS,9,1.995769619434107
C0009,I-ORS,12,2.0852464493407123
C0009,I-ORS,18,1.6374889376602424
C0009,I-ORS,24,1.226856166167371
C0010,I-ORS,3,1.4040720697833413
C0010,I-ORS,6,1.8008213581693056
C0010,I-ORS,9,1.958984985391385
C0010,I-ORS,12,2.473380025338579
C0010,I-ORS,18,2.6865240434322946
C0010,I-ORS,24,2.3725654191299084
C0011,I-ORS,3,2.0273116277578866
C0011,I-ORS,6,2.069855710288661
C0011,I-ORS,9,2.0220714383510194
C0011,I-ORS,12,1.8846220281267099
C0011,I-ORS,18,2.1580139046803914
C0011,I-ORS,24,2.147321166980029
C0012,S-ORS,3,1.4555342338204063
C0012,S-ORS,6,1.529720618091568
C0012,S-ORS,9,1.4706245151955333
C0012,S-ORS,12,1.4567178615966792
C0012,S-ORS,18,1.5405594393622821
C0012,S-ORS,24,1.6301665594050614
C0013,I-ORS,3,1.8410276629488493
C0013,I-ORS,6,2.2348355630307775
C0013,I-ORS,9,2.5210807531008905
C0013,I-ORS,12,2.280135418762767
C0013,I-ORS,18,2.266570535574057
C0013,I-ORS,24,1.970381202718122
C0014,G-ORS,3,1.309798675248
C0014,G-ORS,6,1.045149549060894
C0014,G-ORS,9,1.0345472056147718
C0014,G-ORS,12,1.0908672437755156
C0014,G-ORS,18,0.956595778866765
C0014,G-ORS,24,0.8714774760540237
C0015,S-ORS,3,2.066215926137655
C0015,S-ORS,6,2.134510675398773
C0015,S-ORS,9,2.142628578202311
C0015,S-ORS,12,2.244673824880442
C0015,S-ORS,18,1.8892939806928628
C0015,S-ORS,24,1.536540598026476
C0016,I-ORS,3,1.4958904507182047
C0016,I-ORS,6,1.4707801640503373
C0016,I-ORS,9,1.4403298666722382
C0016,I-ORS,12,1.7315100497401805
C0016,I-ORS,18,1.9201196070241655
C0016,I-ORS,24,1.6408625939793624
C0017,G-ORS,3,1.4867843643046745
C0017,G-ORS,6,1.3956509741192002
C0017,G-ORS,9,1.7367984575951991
C0017,G-ORS,12,2.177496175727486
C0017,G-ORS,18,1.8274430989781636
C0017,G-ORS,24,1.9768080574703055
C0018,S-ORS,3,1.453291793880305
C0018,S-ORS,6,1.2707764865558113
C0018,S-ORS,9,1.2514583364471537
C0018,S-ORS,12,1.3930908019954031
C0018,S-ORS,18,1.2865944235218651
C0018,S-ORS,24,1.2029057996309107
C0019,G-ORS,3,1.3147316645784948
C0019,G-ORS,6,1.2045041380530965
C0019,G-ORS,9,1.2441714341283348
C0019,G-ORS,12,1.097298446258696
C0019,G-ORS,18,0.9269118135950061
C0019,G-ORS,24,0.9086404397705896
C0020,G-ORS,3,1.9467378529180166
C0020,G-ORS,6,1.758370617508971
C0020,G-ORS,9,1.7809916718991552
C0020,G-ORS,12,1.7576238221055467
C0020,G-ORS,18,1.4930843121294022
C0020,G-ORS,24,1.690269338697549
C0021,I-ORS,3,2.607955848245518
C0021,I-ORS,6,2.6079966241667027
C0021,I-ORS,9,2.7301245106275833
C0021,I-ORS,12,2.8248476155381215
C0021,I-ORS,18,2.5069069474892074
C0021,I-ORS,24,2.0803432958873866
C0022,I-ORS,3,1.6321549143667107
C0022,I-ORS,6,1.809928431769612
C0022,I-ORS,9,1.7942665426426594
C0022,I-ORS,12,1.975387260992179
C0022,I-ORS,18,1.591929814574286
C0022,I-ORS,24,1.5913460385514926
C0023,I-ORS,3,1.4259067562668646
C0023,I-ORS,6,1.4467667678888905
C0023,I-ORS,9,1.3909626753411148
C0023,I-ORS,12,1.6415843220607427
C0023,I-ORS,18,1.553961318068044
C0023,I-ORS,24,1.1985109772334017
C0024,S-ORS,3,0.8910804971830679
C0024,S-ORS,6,0.9870016965143645
C0024,S-ORS,9,0.9441075777750895
C0024,S-ORS,12,1.1103230823704788
C0024,S-ORS,18,1.28928078413708
C0024,S-ORS,24,1.2148502580598206
C0025,I-ORS,3,1.6594828907632004
C0025,I-ORS,6,1.6307552793351738
C0025,I-ORS,9,1.5950061280058954
C0025,I-ORS,12,1.6987593180095013
C0025,I-ORS,18,1.6615399159830635
C0025,I-ORS,24,1.8227581786683964
C0026,I-ORS,3,2.171602231275423
C0026,I-ORS,6,2.293944108506954
C0026,I-ORS,9,1.8789135826700187
C0026,I-ORS,12,1.9774891792172413
C0026,I-ORS,18,1.8965675817185363
C0026,I-ORS,24,1.8591425387989102
C0027,G-ORS,3,1.6809162314740622
C0027,G-ORS,6,1.8471265500348715
C0027,G-ORS,9,1.889092868676228
C0027,G-ORS,12,1.9803506425381696
C0027,G-ORS,18,1.7056236388733277
C0027,G-ORS,24,1.5952190609266765
C0028,G-ORS,3,1.9864242531813388
C0028,G-ORS,6,2.072839858923543
C0028,G-ORS,9,1.9848350567333195
C0028,G-ORS,12,1.7811360505538945
C0028,G-ORS,18,1.5772750042104509
C0028,G-ORS,24,1.6301024825301227
C0029,G-ORS,3,2.1758354517186564
C0029,G-ORS,6,1.8943887071766277
C0029,G-ORS,9,1.6756496691103662
C0029,G-ORS,12,1.771414900505587
C0029,G-ORS,18,1.4889925497137142
C0029,G-ORS,24,1.5791721911633276
C0030,I-ORS,3,2.427702688260883
C0030,I-ORS,6,2.4101362923173197
C0030,I-ORS,9,2.4206093309392274
C0030,I-ORS,12,2.6834960726142056
C0030,I-ORS,18,2.2926598864301617
C0030,I-ORS,24,2.1628806693470453
C0031,S-ORS,3,1.551399431993224
C0031,S-ORS,6,1.4958639875122703
C0031,S-ORS,9,1.3661299008670056
C0031,S-ORS,12,1.5008560368914543
C0031,S-ORS,18,1.2814092054618458
C0031,S-ORS,24,1.120918097777634
C0032,I-ORS,3,1.6976371244254858
C0032,I-ORS,6,1.7483369359708696
C0032,I-ORS,9,1.7681551906417585
C0032,I-ORS,12,1.8268701240634209
C0032,I-ORS,18,1.5688552634482045
C0032,I-ORS,24,1.4950250308573605
C0033,S-ORS,3,1.7672576637541764
C0033,S-ORS,6,1.9850796315586479
C0033,S-ORS,9,2.154782436588534
C0033,S-ORS,12,2.4034895595625594
C0033,S-ORS,18,1.91158800250731
C0033,S-ORS,24,2.1598525649026463
C0034,G-ORS,3,1.629768295524975
C0034,G-ORS,6,1.6630121625077192
C0034,G-ORS,9,1.6438961679091857
C0034,G-ORS,12,1.7254502861701724
C0034,G-ORS,18,1.35479865814211
C0034,G-ORS,24,1.1587251523603568
C0035,S-ORS,3,1.9394632664605298
C0035,S-ORS,6,2.1296531762590045
C0035,S-ORS,9,2.2829892948883708
C0035,S-ORS,12,2.3437814576334235
C0035,S-ORS,18,1.7045459101865268
C0035,S-ORS,24,1.6785582818834939
C0036,G-ORS,3,1.8651082875485416
C0036,G-ORS,6,1.874420552781417
C0036,G-ORS,9,1.7635548246053654
C0036,G-ORS,12,1.8869259501054136
C0036,G-ORS,18,2.119407024368535
C0036,G-ORS,24,2.1882142654608856
C0037,S-ORS,3,2.3115785310760386
C0037,S-ORS,6,2.759919925793367
C0037,S-ORS,9,2.79244867162108
C0037,S-ORS,12,2.131468142351938
C0037,S-ORS,18,2.107662256889915
C0037,S-ORS,24,1.745592458272071
C0038,I-ORS,3,1.1213162174504097
C0038,I-ORS,6,1.20037858314627
C0038,I-ORS,9,1.1427860889232884
C0038,I-ORS,12,1.423031043624957
C0038,I-ORS,18,1.2408656883537112
C0038,I-ORS,24,1.1579361063808573
C0039,I-ORS,3,1.63431457931688
C0039,I-ORS,6,1.4144459189328713
C0039,I-ORS,9,1.2527871295741912
C0039,I-ORS,12,1.5061294244123151
C0039,I-ORS,18,1.4776635250695922
C0039,I-ORS,24,1.025619484461525
C0040,I-ORS,3,1.7093058976611681
C0040,I-ORS,6,1.7242019565371693
C0040,I-ORS,9,1.8223383898720191
C0040,I-ORS,12,1.8357676829503724
C0040,I-ORS,18,1.5630092057679876
C0040,I-ORS,24,1.535687006902145
C0041,I-ORS,3,1.1903002958664524
C0041,I-ORS,6,0.980149775528243
C0041,I-ORS,9,1.0696900042979343
C0041,I-ORS,12,1.1687635048965446
C0041,I-ORS,18,1.1139234724208331
C0041,I-ORS,24,1.1932344152569578
C0042,G-ORS,3,2.0736645038195225
C0042,G-ORS,6,2.0199758874090907
C0042,G-ORS,9,1.9222972615634966
C0042,G-ORS,12,2.0643045551174577
C0042,G-ORS,18,2.1550354412392982
C0042,G-ORS,24,2.0521561989411143
C0043,G-ORS,3,1.9501581703829582
C0043,G-ORS,6,1.4227806223278148
C0043,G-ORS,9,1.5727787715107913
C0043,G-ORS,12,1.9118914269921794
C0043,G-ORS,18,1.894789922160923
C0043,G-ORS,24,2.1695440365918377
C0044,S-ORS,3,1.8279330799958227
C0044,S-ORS,6,2.0624644938988306
C0044,S-ORS,9,1.8479427063474159
C0044,S-ORS,12,1.8011539242901784
C0044,S-ORS,18,1.336481460988663
C0044,S-ORS,24,1.3174131419498074
C0045,G-ORS,3,1.5561361661774653
C0045,G-ORS,6,1.5939400131791042
C0045,G-ORS,9,1.4879290933732792
C0045,G-ORS,12,1.7086075538169982
C0045,G-ORS,18,1.2026631439262863
C0045,G-ORS,24,1.1917084048403452
C0046,G-ORS,3,1.6912958574211536
C0046,G-ORS,6,1.5661808675580238
C0046,G-ORS,9,1.5691913371944783
C0046,G-ORS,12,1.6370647374990361
C0046,G-ORS,18,1.7464680901587302
C0046,G-ORS,24,1.8858909588526207
C0047,I-ORS,3,1.4643603499547286
C0047,I-ORS,6,1.5161531182372365
C0047,I-ORS,9,1.453435108647244
C0047,I-ORS,12,1.7268375231202784
C0047,I-ORS,18,1.2176427973504955
C0047,I-ORS,24,1.3185861838171047
C0048,S-ORS,3,4.482740110513638
C0048,S-ORS,6,4.106472203743297
C0048,S-ORS,9,4.201669804950642
C0048,S-ORS,12,3.9587213334918405
C0048,S-ORS,18,3.502132365455565
C0048,S-ORS,24,3.063259000924822
C0049,I-ORS,3,1.7556554195445064
C0049,I-ORS,6,1.8557295138663663
C0049,I-ORS,9,1.8831298230761986
C0049,I-ORS,12,1.6934667332480384
C0049,I-ORS,18,1.7239805635990864
C0049,I-ORS,24,1.714610289565002
C0050,S-ORS,3,0.9278031710769891
C0050,S-ORS,6,0.9092278940124843
C0050,S-ORS,9,1.422236692721544
C0050,S-ORS,12,1.9407129496605928
C0050,S-ORS,18,1.406287052727166
C0050,S-ORS,24,1.6196457740572514
C0051,G-ORS,3,1.8611089650470891
C0051,G-ORS,6,2.051822459153848
C0051,G-ORS,9,2.2603824602968308
C0051,G-ORS,12,2.3735162743914646
C0051,G-ORS,18,2.116944769985214
C0051,G-ORS,24,2.5805474084835076
C0052,G-ORS,3,1.815279625755254
C0052,G-ORS,6,1.4295230045544858
C0052,G-ORS,9,1.392942405803503
C0052,G-ORS,12,1.678213626878801
C0052,G-ORS,18,1.5299474263528938
C0052,G-ORS,24,1.7390674305318399
C0053,I-ORS,3,0.9340445487215765
C0053,I-ORS,6,1.279134413182894
C0053,I-ORS,9,1.2485620865482743
C0053,I-ORS,12,1.6146835206748706
C0053,I-ORS,18,1.6537250607212588
C0053,I-ORS,24,1.2992753142185627
C0054,I-ORS,3,1.8174781895020184
C0054,I-ORS,6,1.8963139183646303
C0054,I-ORS,9,1.841134792991927
C0054,I-ORS,12,2.0470879212635436
C0054,I-ORS,18,1.810499579246439
C0054,I-ORS,24,1.8818955417297063
C0055,G-ORS,3,1.8879325511353504
C0055,G-ORS,6,1.8634529310290493
C0055,G-ORS,9,1.7856058152395566
C0055,G-ORS,12,1.8240211825791026
C0055,G-ORS,18,1.6769292502168787
C0055,G-ORS,24,1.1131748180165797
C0056,I-ORS,3,3.394887326807601
C0056,I-ORS,6,3.224538581475619
C0056,I-ORS,9,2.926427740914873
C0056,I-ORS,12,2.885645771080912
C0056,I-ORS,18,2.1523680899953863
C0056,I-ORS,24,2.089272668596916
C0057,G-ORS,3,1.713157936424748
C0057,G-ORS,6,1.5754502148797527
C0057,G-ORS,9,1.5993140472713547
C0057,G-ORS,12,1.5923039200850644
C0057,G-ORS,18,1.684752388177502
C0057,G-ORS,24,1.77303374853399
C0058,G-ORS,3,1.7251174722718792
C0058,G-ORS,6,1.8245142639511889
C0058,G-ORS,9,2.044386607701351
C0058,G-ORS,12,2.1158045960021914
C0058,G-ORS,18,1.6652283905631038
C0058,G-ORS,24,1.958755208895162
C0059,I-ORS,3,1.4482579665433426
C0059,I-ORS,6,1.3778848273114122
C0059,I-ORS,9,1.5170259807281394
C0059,I-ORS,12,1.6039813670917762
C0059,I-ORS,18,1.4277274145120675
C0059,I-ORS,24,1.2461824692823198
C0060,I-ORS,3,3.047758267976537
C0060,I-ORS,6,3.1649433828517077
C0060,I-ORS,9,2.658556857125795
C0060,I-ORS,12,2.813597642497104
C0060,I-ORS,18,2.7791059540260683
C0060,I-ORS,24,2.372194742092323
C0061,G-ORS,3,1.312824451238542
C0061,G-ORS,6,1.2049303227483736
C0061,G-ORS,9,1.3867794767566584
C0061,G-ORS,12,1.909284274188553
C0061,G-ORS,18,1.4928215055540799
C0061,G-ORS,24,2.0023027582596287
C0062,S-ORS,3,2.0235653360073367
C0062,S-ORS,6,2.0606568017955036
C0062,S-ORS,9,2.1047269780047113
C0062,S-ORS,12,1.8616113548975377
C0062,S-ORS,18,1.6892815872212525
C0062,S-ORS,24,1.9798844589718714
C0063,S-ORS,3,2.7322198215612463
C0063,S-ORS,6,1.2652538510203262
C0063,S-ORS,9,1.1490590742007454
C0063,S-ORS,12,1.6099341027406566
C0063,S-ORS,18,1.0757585175175328
C0063,S-ORS,24,1.607415131741574
C0064,S-ORS,3,1.5661016941636097
C0064,S-ORS,6,1.152360317596595
C0064,S-ORS,9,1.2780227673344546
C0064,S-ORS,12,1.2773534019736918
C0064,S-ORS,18,1.1947243644890269
C0064,S-ORS,24,1.383900599003903
C0065,G-ORS,3,1.6670362066057935
C0065,G-ORS,6,1.715444756550927
C0065,G-ORS,9,1.6854333399269548
C0065,G-ORS,12,1.7316633924600062
C0065,G-ORS,18,1.6696586916718865
C0065,G-ORS,24,1.732410563732401
C0066,I-ORS,3,1.3093503518758505
C0066,I-ORS,6,1.16804247822442
C0066,I-ORS,9,1.148340761855009
C0066,I-ORS,12,1.2574353632097108
C0066,I-ORS,18,1.4140190312387049
C0066,I-ORS,24,1.1749069158628025
C0067,I-ORS,3,2.2377830661508233
C0067,I-ORS,6,2.3573925051795577
C0067,I-ORS,9,2.487993992448232
C0067,I-ORS,12,2.035116327421805
C0067,I-ORS,18,1.936549024302781
C0067,I-ORS,24,1.904686907791301
C0068,I-ORS,3,2.304405551046716
C0068,I-ORS,6,2.0481917042085036
C0068,I-ORS,9,2.148927353850086
C0068,I-ORS,12,2.365732544060473
C0068,I-ORS,18,2.0583688893426095
C0068,I-ORS,24,2.2035995882523842
C0069,S-ORS,3,1.6996469745509855
C0069,S-ORS,6,1.6221800882720658
C0069,S-ORS,9,1.828558343793935
C0069,S-ORS,12,1.7262202675167404
C0069,S-ORS,18,1.511974422659069
C0069,S-ORS,24,1.3977401207584819
C0070,I-ORS,3,2.0211602778063424
C0070,I-ORS,6,2.3522008459010637
C0070,I-ORS,9,2.450272678403066
C0070,I-ORS,12,2.190625526635142
C0070,I-ORS,18,1.929361701746883
C0070,I-ORS,24,1.7622706344187429
C0071,I-ORS,3,1.7655469796125394
C0071,I-ORS,6,1.6954942556157944
C0071,I-ORS,9,1.4931158176926562
C0071,I-ORS,12,1.859850682160651
C0071,I-ORS,18,1.627960423959975
C0071,I-ORS,24,1.4237264844991064
C0072,I-ORS,3,1.7290961024884586
C0072,I-ORS,6,1.7370998783478
C0072,I-ORS,9,1.5396876811063183
C0072,I-ORS,12,1.6090196108321226
C0072,I-ORS,18,1.5961648752387458
C0072,I-ORS,24,1.5651875118198986
C0073,I-ORS,3,1.5941769677905147
C0073,I-ORS,6,1.6303192273239655
C0073,I-ORS,9,1.8120927253939174
C0073,I-ORS,12,1.968351308005119
C0073,I-ORS,18,1.7599542781575022
C0073,I-ORS,24,1.51144063819348
C0074,I-ORS,3,1.569892863448986
C0074,I-ORS,6,1.4835845747353757
C0074,I-ORS,9,1.6781472410481821
C0074,I-ORS,12,1.714291636500099
C0074,I-ORS,18,1.4120915367836022
C0074,I-ORS,24,1.3850337421007979
C0075,S-ORS,3,1.3870340533682404
C0075,S-ORS,6,1.1795294281295066
C0075,S-ORS,9,1.1232675659558098
C0075,S-ORS,12,1.292052149651692
C0075,S-ORS,18,1.0325632381956362
C0075,S-ORS,24,0.9665410616564768
C0076,I-ORS,3,2.764485704557856
C0076,I-ORS,6,2.536620324013171
C0076,I-ORS,9,2.293978329562369
C0076,I-ORS,12,2.021589122003512
C0076,I-ORS,18,1.5476507100871397
C0076,I-ORS,24,1.4066656311684058
C0077,S-ORS,3,1.476118850819751
C0077,S-ORS,6,1.400270149879443
C0077,S-ORS,9,1.2518309198686735
C0077,S-ORS,12,1.262183376392802
C0077,S-ORS,18,1.0942923812360985
C0077,S-ORS,24,0.9673948188731727
C0078,G-ORS,3,1.8810302550280371
C0078,G-ORS,6,1.9695758424136418
C0078,G-ORS,9,2.0863774931180883
C0078,G-ORS,12,2.1781400347326825
C0078,G-ORS,18,1.8570245017296045
C0078,G-ORS,24,1.9493873614711226
C0079,I-ORS,3,1.5569434987609407
C0079,I-ORS,6,1.6707074297883622
C0079,I-ORS,9,1.7014472491064296
C0079,I-ORS,12,1.7898917681651887
C0079,I-ORS,18,1.801714998756291
C0079,I-ORS,24,1.4192998324694235
C0080,S-ORS,3,2.4180811477223916
C0080,S-ORS,6,2.6900262237396806
C0080,S-ORS,9,2.822765981089756
C0080,S-ORS,12,2.8038872791167737
C0080,S-ORS,18,2.256225589926329
C0080,S-ORS,24,1.7053304874975503
C0081,G-ORS,3,1.9187993725966097
C0081,G-ORS,6,1.8784272019720667
C0081,G-ORS,9,2.003116471403399
C0081,G-ORS,12,1.9776395542813363
C0081,G-ORS,18,1.6206914477457453
C0081,G-ORS,24,1.468762566383218
C0082,G-ORS,3,1.570191089765957
C0082,G-ORS,6,1.5548298206426168
C0082,G-ORS,9,1.6880556112567233
C0082,G-ORS,12,1.6902964134397667
C0082,G-ORS,18,1.4645183743866468
C0082,G-ORS,24,1.4263010698375385
C0083,I-ORS,3,1.4981400916789245
C0083,I-ORS,6,1.1529782308852528
C0083,I-ORS,9,1.1620148409753313
C0083,I-ORS,12,1.2690334847671607
C0083,I-ORS,18,1.33900190851624
C0083,I-ORS,24,1.4941647610745696
C0084,G-ORS,3,1.3930079318976092
C0084,G-ORS,6,1.2913633513807856
C0084,G-ORS,9,1.1691289135488594
C0084,G-ORS,12,1.3687038455368201
C0084,G-ORS,18,1.0988955126522917
C0084,G-ORS,24,1.1224398934078923
C0085,G-ORS,3,1.4950702344275035
C0085,G-ORS,6,1.432255470822343
C0085,G-ORS,9,1.5197264595509845
C0085,G-ORS,12,1.6375697205981803
C0085,G-ORS,18,1.7326234792524553
C0085,G-ORS,24,1.8639044301660221
C0086,I-ORS,3,1.39696013298418
C0086,I-ORS,6,1.4313686486959976
C0086,I-ORS,9,1.5468031019374597
C0086,I-ORS,12,1.5869684003233449
C0086,I-ORS,18,1.4330184237125343
C0086,I-ORS,24,1.5934704046808517
C0087,I-ORS,3,1.29930095524133
C0087,I-ORS,6,1.0989474312981904
C0087,I-ORS,9,1.0893269137924373
C0087,I-ORS,12,1.24327262022905
C0087,I-ORS,18,1.2326695400399017
C0087,I-ORS,24,1.111850901918858
C0088,I-ORS,3,1.8197846521323742
C0088,I-ORS,6,2.068927832033436
C0088,I-ORS,9,1.985029559781027
C0088,I-ORS,12,2.480330595911235
C0088,I-ORS,18,2.0997586608375656
C0088,I-ORS,24,1.5026947391338839
C0089,S-ORS,3,2.322975093392022
C0089,S-ORS,6,2.5273032794792036
C0089,S-ORS,9,2.6881262895603566
C0089,S-ORS,12,2.310775257744151
C0089,S-ORS,18,2.170817685469396
C0089,S-ORS,24,2.039351502428904
C0090,I-ORS,3,1.9154684469501613
C0090,I-ORS,6,1.9845316207397612
C0090,I-ORS,9,2.180710225025884
C0090,I-ORS,12,2.1464849189958186
C0090,I-ORS,18,1.9973640483291295
C0090,I-ORS,24,1.8760743556476092
C0091,G-ORS,3,1.9972293490834374
C0091,G-ORS,6,2.287745879980065
C0091,G-ORS,9,2.609002941496204
C0091,G-ORS,12,2.0346842447612477
C0091,G-ORS,18,1.529913475217613
C0091,G-ORS,24,1.6331905995723845
C0092,S-ORS,3,1.9319738617012916
C0092,S-ORS,6,1.8653068566361661
C0092,S-ORS,9,2.1138909833395907
C0092,S-ORS,12,1.6893277161677485
C0092,S-ORS,18,1.5619874090537182
C0092,S-ORS,24,1.5993532992829245
C0093,S-ORS,3,1.7553075121575477
C0093,S-ORS,6,1.3996439862426513
C0093,S-ORS,9,1.5941087546054582
C0093,S-ORS,12,1.8504341767615258
C0093,S-ORS,18,1.581942156503191
C0093,S-ORS,24,1.6065439949700184
C0094,S-ORS,3,2.2198661038404666
C0094,S-ORS,6,2.522432080042034
C0094,S-ORS,9,2.30298308716702
C0094,S-ORS,12,1.9715113792219099
C0094,S-ORS,18,1.757421207825543
C0094,S-ORS,24,1.5979134248186997
C0095,I-ORS,3,2.482069968275056
C0095,I-ORS,6,2.224687640975365
C0095,I-ORS,9,2.3926163130097926
C0095,I-ORS,12,2.406265137404553
C0095,I-ORS,18,2.079460693593753
C0095,I-ORS,24,2.023824184900977
C0096,G-ORS,3,1.3815912137264572
C0096,G-ORS,6,1.0886758898128837
C0096,G-ORS,9,1.2712708936976582
C0096,G-ORS,12,1.5025745380282594
C0096,G-ORS,18,1.3485206077637568
C0096,G-ORS,24,1.1886979966534927
C0097,G-ORS,3,1.984304358651476
C0097,G-ORS,6,2.2039609756758676
C0097,G-ORS,9,2.363498005150457
C0097,G-ORS,12,1.989111729125054
C0097,G-ORS,18,1.4119136747671237
C0097,G-ORS,24,1.3525814186321057
C0098,G-ORS,3,1.6054315392278393
C0098,G-ORS,6,1.4577218755431762
C0098,G-ORS,9,1.502272795795486
C0098,G-ORS,12,1.3935577827797156
C0098,G-ORS,18,1.1396316208468336
C0098,G-ORS,24,1.0160908480435737
C0099,S-ORS,3,1.5594813693105964
C0099,S-ORS,6,1.365625792082508
C0099,S-ORS,9,1.5261873915298743
C0099,S-ORS,12,1.6179951502575047
C0099,S-ORS,18,1.6028313181683258
C0099,S-ORS,24,1.5145120020150764
C0100,I-ORS,3,1.5438662295994274
C0100,I-ORS,6,1.5519379839493728
C0100,I-ORS,9,1.4825961063777588
C0100,I-ORS,12,1.6473714664925263
C0100,I-ORS,18,1.4826018742145106
C0100,I-ORS,24,1.206671822636705
C0101,I-ORS,3,1.7529060450732992
C0101,I-ORS,6,1.865402696774084
C0101,I-ORS,9,1.8958289375869446
C0101,I-ORS,12,1.9814010391157322
C0101,I-ORS,18,1.5430218247844598
C0101,I-ORS,24,1.5710311180594434
C0102,I-ORS,3,1.6020578659257356
C0102,I-ORS,6,1.6956104358014321
C0102,I-ORS,9,1.7495495440887057
C0102,I-ORS,12,1.9802485441833415
C0102,I-ORS,18,1.7441568727386008
C0102,I-ORS,24,1.4214956892411597
C0103,I-ORS,3,1.6928689511363209
C0103,I-ORS,6,1.672905156137101
C0103,I-ORS,9,1.7937097347054936
C0103,I-ORS,12,1.731484502401856
C0103,I-ORS,18,1.737892814613283
C0103,I-ORS,24,1.7085995425769742
C0104,S-ORS,3,1.3035662261724505
C0104,S-ORS,6,1.1854641231623935
C0104,S-ORS,9,1.0053061281446176
C0104,S-ORS,12,1.3418578845850597
C0104,S-ORS,18,1.2411125728069492
C0104,S-ORS,24,1.2874922609141428
C0105,G-ORS,3,1.7712008418779608
C0105,G-ORS,6,1.7633134839720264
C0105,G-ORS,9,1.9341602663718067
C0105,G-ORS,12,1.984078512513561
C0105,G-ORS,18,1.5739345101866349
C0105,G-ORS,24,1.4251037248965253
C0106,S-ORS,3,2.141894888794853
C0106,S-ORS,6,2.231827956560108
C0106,S-ORS,9,2.3273175959904995
C0106,S-ORS,12,1.909341169718552
C0106,S-ORS,18,1.5339499423850818
C0106,S-ORS,24,1.3808046492178057
C0107,G-ORS,3,2.986554915973977
C0107,G-ORS,6,2.799177039124273
C0107,G-ORS,9,2.512278532583567
C0107,G-ORS,12,2.7023736538190812
C0107,G-ORS,18,1.9811340335333771
C0107,G-ORS,24,1.8694356013371702
C0108,G-ORS,3,1.3222731533557714
C0108,G-ORS,6,1.2153141812853672
C0108,G-ORS,9,1.076881764327592
C0108,G-ORS,12,1.275718180166606
C0108,G-ORS,18,1.11863383212058
C0108,G-ORS,24,1.0413241367301196
C0109,G-ORS,3,1.940366732409861
C0109,G-ORS,6,1.9378619775020103
C0109,G-ORS,9,1.96803019415547
C0109,G-ORS,12,1.9406340929279127
C0109,G-ORS,18,1.7388841727512938
C0109,G-ORS,24,1.7879611541474747
C0110,S-ORS,3,2.7060019734957894
C0110,S-ORS,6,3.110987919962356
C0110,S-ORS,9,3.1698023269332745
C0110,S-ORS,12,3.186225173315653
C0110,S-ORS,18,2.622846319338385
C0110,S-ORS,24,2.2979944416526012
C0111,S-ORS,3,1.5116333167766827
C0111,S-ORS,6,1.512027314410133
C0111,S-ORS,9,1.4579991083004058
C0111,S-ORS,12,1.499971129623127
C0111,S-ORS,18,1.4048406368263606
C0111,S-ORS,24,1.329256862147815
C0112,I-ORS,3,1.729399996781332
C0112,I-ORS,6,1.9194395513819003
C0112,I-ORS,9,1.9950296369365328
C0112,I-ORS,12,1.9480921498429182
C0112,I-ORS,18,1.677237268333433
C0112,I-ORS,24,1.8255180402496745
C0113,G-ORS,3,1.412074479948516
C0113,G-ORS,6,1.2246476134561333
C0113,G-ORS,9,1.1930757287975668
C0113,G-ORS,12,1.0946908365331673
C0113,G-ORS,18,1.0470160089674185
C0113,G-ORS,24,0.9937519343971031
C0114,G-ORS,3,2.726342568514943
C0114,G-ORS,6,2.7457011550619934
C0114,G-ORS,9,2.6261480911168125
C0114,G-ORS,12,2.4206613202768614
C0114,G-ORS,18,2.2205566359009747
C0114,G-ORS,24,1.8871022299868432
C0115,S-ORS,3,1.3931773643582563
C0115,S-ORS,6,1.3793404613199833
C0115,S-ORS,9,1.35846326650255
C0115,S-ORS,12,1.3875830342411928
C0115,S-ORS,18,1.3985640522088807
C0115,S-ORS,24,1.4574590428819574
C0116,I-ORS,3,3.0376671909303434
C0116,I-ORS,6,2.871002343575803
C0116,I-ORS,9,2.608672399031226
C0116,I-ORS,12,2.533575291650817
C0116,I-ORS,18,2.3634331320176414
C0116,I-ORS,24,2.1135055908735803
C0117,G-ORS,3,1.4973486817805624
C0117,G-ORS,6,1.3837798082606727
C0117,G-ORS,9,1.5861865134892217
C0117,G-ORS,12,1.8029286809992326
C0117,G-ORS,18,1.7623891528555817
C0117,G-ORS,24,1.9879425904792545
C0118,I-ORS,3,1.3105343787663264
C0118,I-ORS,6,1.5284666916986582
C0118,I-ORS,9,1.4818057527448136
C0118,I-ORS,12,1.631516044832152
C0118,I-ORS,18,1.8285290592003451
C0118,I-ORS,24,1.5907874185769562
C0119,G-ORS,3,1.52501136888314
C0119,G-ORS,6,1.5387936667492843
C0119,G-ORS,9,1.375676596290651
C0119,G-ORS,12,1.2974675421434942
C0119,G-ORS,18,1.4284234253472454
C0119,G-ORS,24,1.573330995686798
C0120,S-ORS,3,1.5184142548112425
C0120,S-ORS,6,1.5112021456568316
C0120,S-ORS,9,1.3467896692344015
C0120,S-ORS,12,1.2716428739198866
C0120,S-ORS,18,1.0914487453717931
C0120,S-ORS,24,0.9466429121940455
C0121,G-ORS,3,1.6902181370806304
C0121,G-ORS,6,1.7340220524732604
C0121,G-ORS,9,1.6096550477158251
C0121,G-ORS,12,1.5550007013126141
C0121,G-ORS,18,1.5837766434256322
C0121,G-ORS,24,1.4794186614274674
C0122,G-ORS,3,1.524495251370624
C0122,G-ORS,6,1.4633949941965654
C0122,G-ORS,9,1.4904736439901496
C0122,G-ORS,12,1.755938322036158
C0122,G-ORS,18,1.6879983446618283
C0122,G-ORS,24,2.0675710652583343
C0123,G-ORS,3,1.3058117553969983
C0123,G-ORS,6,1.152452109274868
C0123,G-ORS,9,1.185703112446758
C0123,G-ORS,12,1.2143668873941826
C0123,G-ORS,18,1.223844789034536
C0123,G-ORS,24,1.1517516000495425
C0124,I-ORS,3,1.7979532550886543
C0124,I-ORS,6,1.9771309733421756
C0124,I-ORS,9,1.7377767875512629
C0124,I-ORS,12,2.1344391792455735
C0124,I-ORS,18,2.010081271051502
C0124,I-ORS,24,1.6349750116451067
C0125,G-ORS,3,2.0743518700578862
C0125,G-ORS,6,2.268796793120092
C0125,G-ORS,9,2.4323856175997194
C0125,G-ORS,12,1.9382600675124146
C0125,G-ORS,18,1.561532972868662
C0125,G-ORS,24,1.7138642580394177
C0126,S-ORS,3,2.412831696671694
C0126,S-ORS,6,2.1167604767681247
C0126,S-ORS,9,2.185688909840338
C0126,S-ORS,12,2.1624976501550077
C0126,S-ORS,18,1.7168991398106672
C0126,S-ORS,24,1.8455281411681077
C0127,I-ORS,3,1.4407835724361746
C0127,I-ORS,6,1.4608096055590498
C0127,I-ORS,9,1.476889993523697
C0127,I-ORS,12,1.6804958970995627
C0127,I-ORS,18,1.441039412253662
C0127,I-ORS,24,1.156365209194094
C0128,G-ORS,3,1.460520798379583
C0128,G-ORS,6,1.3594583081088525
C0128,G-ORS,9,1.3882796026391844
C0128,G-ORS,12,1.3974158710552598
C0128,G-ORS,18,1.220774237890457
C0128,G-ORS,24,1.2301167998689673
C0129,I-ORS,3,1.591023826586803
C0129,I-ORS,6,1.7691145621211533
C0129,I-ORS,9,1.845567714050601
C0129,I-ORS,12,2.0643782701034072
C0129,I-ORS,18,1.537057434230325
C0129,I-ORS,24,1.4724618908144724
C0130,S-ORS,3,0.6654027801679192
C0130,S-ORS,6,1.092001398432886
C0130,S-ORS,9,1.3110908166482202
C0130,S-ORS,12,2.0259156878935567
C0130,S-ORS,18,1.5860929152934857
C0130,S-ORS,24,1.4181146562120637
C0131,S-ORS,3,1.1352671136763886
C0131,S-ORS,6,0.6590903093972704
C0131,S-ORS,9,0.5392282568529818
C0131,S-ORS,12,1.00730298181213
C0131,S-ORS,18,1.2267664614573828
C0131,S-ORS,24,1.1983489341707663
C0132,G-ORS,3,1.9525692296090147
C0132,G-ORS,6,2.1403921334396956
C0132,G-ORS,9,2.7731326918519477
C0132,G-ORS,12,3.08830863513953
C0132,G-ORS,18,2.4867333804892153
C0132,G-ORS,24,2.299011131081433
C0133,G-ORS,3,1.4275919400756036
C0133,G-ORS,6,1.4011399406011096
C0133,G-ORS,9,1.4867943133520747
C0133,G-ORS,12,1.832555813332187
C0133,G-ORS,18,1.9782333754484842
C0133,G-ORS,24,2.2783812414765716
C0134,G-ORS,3,1.8192773813153522
C0134,G-ORS,6,1.7662947970418121
C0134,G-ORS,9,1.8677658347613368
C0134,G-ORS,12,2.028559855808057
C0134,G-ORS,18,2.1755197682803584
C0134,G-ORS,24,2.4843733162265837
C0135,G-ORS,3,1.649541195906762
C0135,G-ORS,6,1.617825643075834
C0135,G-ORS,9,1.7478670751476761
C0135,G-ORS,12,1.5564636283874185
C0135,G-ORS,18,1.4367054933312076
C0135,G-ORS,24,1.6604559159570482
C0136,G-ORS,3,3.1469213132757994
C0136,G-ORS,6,3.1862189038061337
C0136,G-ORS,9,3.11645871643255
C0136,G-ORS,12,3.000316036465426
C0136,G-ORS,18,2.5081675444283342
C0136,G-ORS,24,2.302580832357238
C0137,G-ORS,3,2.2169536549369546
C0137,G-ORS,6,2.1381092958550023
C0137,G-ORS,9,2.060299581178201
C0137,G-ORS,12,1.8264856842904236
C0137,G-ORS,18,1.7365934701368693
C0137,G-ORS,24,1.2747352120904196
C0138,G-ORS,3,1.5135021453866706
C0138,G-ORS,6,1.280280066586711
C0138,G-ORS,9,1.2324912917401196
C0138,G-ORS,12,1.3352283004111265
C0138,G-ORS,18,1.4048158756136122
C0138,G-ORS,24,1.4444110864681283
C0139,I-ORS,3,1.4152319856084898
C0139,I-ORS,6,1.5727948032508128
C0139,I-ORS,9,1.6957516546153324
C0139,I-ORS,12,1.892762154100527
C0139,I-ORS,18,1.8931282830244076
C0139,I-ORS,24,1.608001237378502
C0140,I-ORS,3,1.5927760299698979
C0140,I-ORS,6,1.5540710122472992
C0140,I-ORS,9,1.2821064468487704
C0140,I-ORS,12,1.3034446597483587
C0140,I-ORS,18,1.1069134694542067
C0140,I-ORS,24,1.1265632983730043
C0141,G-ORS,3,1.7033002205908612
C0141,G-ORS,6,1.7210166767744979
C0141,G-ORS,9,1.67433778910901
C0141,G-ORS,12,1.3474248690620094
C0141,G-ORS,18,1.7448093998428755
C0141,G-ORS,24,1.5356735354160111
C0142,G-ORS,3,1.5514495849460774
C0142,G-ORS,6,1.5439217709005613
C0142,G-ORS,9,1.4049258535796816
C0142,G-ORS,12,1.4668610696479074
C0142,G-ORS,18,1.2655618758962284
C0142,G-ORS,24,1.1509691786172402
C0143,G-ORS,3,1.8113531796449414
C0143,G-ORS,6,1.6594185696533328
C0143,G-ORS,9,1.5006748891715338
C0143,G-ORS,12,1.4775120600793186
C0143,G-ORS,18,1.3010787655526572
C0143,G-ORS,24,1.367904549669237
C0144,S-ORS,3,1.8996676915465125
C0144,S-ORS,6,2.0579140966859955
C0144,S-ORS,9,2.1258128652167074
C0144,S-ORS,12,2.023147401519642
C0144,S-ORS,18,1.7186006725023695
C0144,S-ORS,24,1.8571342528263755
C0145,S-ORS,3,1.5647648676757744
C0145,S-ORS,6,1.0232877420835333
C0145,S-ORS,9,1.3168217012810064
C0145,S-ORS,12,1.8694093449143028
C0145,S-ORS,18,1.2772565772686306
C0145,S-ORS,24,1.9147184411220133
C0146,S-ORS,3,2.106973242620389
C0146,S-ORS,6,2.1681529105935553
C0146,S-ORS,9,2.0037060865313707
C0146,S-ORS,12,1.887543730366379
C0146,S-ORS,18,1.6881317766984094
C0146,S-ORS,24,1.5999013354352187
C0147,S-ORS,3,1.7326872687681925
C0147,S-ORS,6,1.6713181052503054
C0147,S-ORS,9,1.9039425875498166
C0147,S-ORS,12,2.1173277083841353
C0147,S-ORS,18,1.7003903750001848
C0147,S-ORS,24,1.7218120923555977
C0148,S-ORS,3,1.3551052817141402
C0148,S-ORS,6,1.2742017380570327
C0148,S-ORS,9,1.6567349213476852
C0148,S-ORS,12,2.0111138268097637
C0148,S-ORS,18,1.6132048693168342
C0148,S-ORS,24,1.4338269540557935
C0149,G-ORS,3,0.666585669202414
C0149,G-ORS,6,0.6275205552738978
C0149,G-ORS,9,0.740311886703753
C0149,G-ORS,12,0.8616308324717061
C0149,G-ORS,18,1.1351658806337435
C0149,G-ORS,24,1.0653085427576632
C0150,I-ORS,3,2.4193262781668343
C0150,I-ORS,6,2.389845672129916
C0150,I-ORS,9,2.331825263352682
C0150,I-ORS,12,2.2208139581700457
C0150,I-ORS,18,1.9412915519293699
C0150,I-ORS,24,1.9428379621654448
C0151,I-ORS,3,1.4591036680205827
C0151,I-ORS,6,1.4068045140120948
C0151,I-ORS,9,1.2952488468552832
C0151,I-ORS,12,1.3961257302744525
C0151,I-ORS,18,1.5071192961749311
C0151,I-ORS,24,1.2855464388001532
C0152,S-ORS,3,1.350801118181214
C0152,S-ORS,6,1.2308536683446722
C0152,S-ORS,9,1.097909120240034
C0152,S-ORS,12,1.641785168413461
C0152,S-ORS,18,1.7913995814872075
C0152,S-ORS,24,2.041695732438327
C0153,G-ORS,3,1.8039690195762212
C0153,G-ORS,6,1.709916643975512
C0153,G-ORS,9,1.7087590872010965
C0153,G-ORS,12,1.6009513989204707
C0153,G-ORS,18,1.4797275503661491
C0153,G-ORS,24,1.252590597991877
C0154,I-ORS,3,1.4777083270571454
C0154,I-ORS,6,1.4489631387641682
C0154,I-ORS,9,1.559119811464955
C0154,I-ORS,12,1.7686316904699901
C0154,I-ORS,18,1.9273673009077976
C0154,I-ORS,24,1.8234467579292424
C0155,I-ORS,3,2.1185082570877234
C0155,I-ORS,6,1.9338147858888892
C0155,I-ORS,9,1.8749988581936747
C0155,I-ORS,12,2.046870653384489
C0155,I-ORS,18,1.9172530441358018
C0155,I-ORS,24,1.7399722152550419
C0156,I-ORS,3,1.6014201435430224
C0156,I-ORS,6,1.5944686235553942
C0156,I-ORS,9,1.3964535246852097
C0156,I-ORS,12,1.7532524382065846
C0156,I-ORS,18,1.4122698814924246
C0156,I-ORS,24,1.3139781192847544
C0157,G-ORS,3,2.8363630489124296
C0157,G-ORS,6,2.8848520501537847
C0157,G-ORS,9,2.7755890082041326
C0157,G-ORS,12,2.5752235250566
C0157,G-ORS,18,2.0679529913589514
C0157,G-ORS,24,1.959527636137156
C0158,I-ORS,3,1.6013315959210745
C0158,I-ORS,6,1.618487141587546
C0158,I-ORS,9,1.6687799159561556
C0158,I-ORS,12,1.6139968396961326
C0158,I-ORS,18,1.509567583759815
C0158,I-ORS,24,1.3207238926558724
C0159,I-ORS,3,1.489661439206633
C0159,I-ORS,6,1.6851331801525278
C0159,I-ORS,9,1.5472975348001536
C0159,I-ORS,12,1.7197645317824444
C0159,I-ORS,18,1.8529917336839292
C0159,I-ORS,24,1.6649864769295242
C0160,S-ORS,3,1.5279860389534234
C0160,S-ORS,6,1.4295795541634844
C0160,S-ORS,9,1.2614816538466953
C0160,S-ORS,12,1.2817792868164628
C0160,S-ORS,18,1.2956351869117233
C0160,S-ORS,24,1.354720753346072
C0161,I-ORS,3,1.3687036863059834
C0161,I-ORS,6,1.328621773716844
C0161,I-ORS,9,1.4859113902318373
C0161,I-ORS,12,1.7974609820014422
C0161,I-ORS,18,1.6346345866394305
C0161,I-ORS,24,1.536639084770704
C0162,G-ORS,3,1.965009182476659
C0162,G-ORS,6,2.0000483366893755
C0162,G-ORS,9,1.9950272312364083
C0162,G-ORS,12,2.336160514861194
C0162,G-ORS,18,1.8171870607807528
C0162,G-ORS,24,1.8555281831286639
C0163,S-ORS,3,2.298124436411047
C0163,S-ORS,6,2.32766580575175
C0163,S-ORS,9,2.4091597964918297
C0163,S-ORS,12,1.8245653342818626
C0163,S-ORS,18,1.5915782505606602
C0163,S-ORS,24,1.8163209708000603
C0164,I-ORS,3,2.206393733038363
C0164,I-ORS,6,2.0588665915790383
C0164,I-ORS,9,2.256193912994761
C0164,I-ORS,12,2.1978585152374794
C0164,I-ORS,18,1.9750411845672753
C0164,I-ORS,24,1.7659684748181532
C0165,G-ORS,3,1.50332602910018
C0165,G-ORS,6,1.0340540660877475
C0165,G-ORS,9,0.9539747492883636
C0165,G-ORS,12,1.3676314722433167
C0165,G-ORS,18,1.2707729868618904
C0165,G-ORS,24,1.6827411535562273
C0166,G-ORS,3,1.6834527401431376
C0166,G-ORS,6,1.5060364104866282
C0166,G-ORS,9,1.4103351516453513
C0166,G-ORS,12,1.4345252581898051
C0166,G-ORS,18,1.3226826232368547
C0166,G-ORS,24,1.3176119179889487
C0167,I-ORS,3,1.549861858351733
C0167,I-ORS,6,1.5765049381281562
C0167,I-ORS,9,1.499031449906584
C0167,I-ORS,12,1.7927622583934961
C0167,I-ORS,18,1.9900292570803089
C0167,I-ORS,24,1.9859871090685233
C0168,S-ORS,3,1.5409653086845436
C0168,S-ORS,6,1.4692195511226458
C0168,S-ORS,9,1.2519094757321556
C0168,S-ORS,12,1.6148138511533319
C0168,S-ORS,18,1.3145076278313712
C0168,S-ORS,24,1.4517875572669063
C0169,I-ORS,3,1.4676500310810727
C0169,I-ORS,6,1.7812265066327537
C0169,I-ORS,9,1.6209069452098968
C0169,I-ORS,12,1.7629970038782425
C0169,I-ORS,18,1.6665176319146078
C0169,I-ORS,24,1.6181948401417714
C0170,G-ORS,3,1.5054086796239627
C0170,G-ORS,6,1.4064546231044275
C0170,G-ORS,9,1.5665985834915825
C0170,G-ORS,12,1.9771806645650594
C0170,G-ORS,18,1.584609353937374
C0170,G-ORS,24,1.442846632318368
C0171,S-ORS,3,1.5094642650832564
C0171,S-ORS,6,1.5807748626841762
C0171,S-ORS,9,1.7870738883894042
C0171,S-ORS,12,1.7451016488953366
C0171,S-ORS,18,1.548727014592558
C0171,S-ORS,24,1.5341931959626147
C0172,S-ORS,3,2.4349708641227616
C0172,S-ORS,6,2.5625920170738117
C0172,S-ORS,9,2.6702710809856764
C0172,S-ORS,12,2.6726677904527714
C0172,S-ORS,18,2.2353728335165517
C0172,S-ORS,24,1.8601040860733373
C0173,S-ORS,3,1.9375562743911037
C0173,S-ORS,6,2.053036410264594
C0173,S-ORS,9,2.0300688641075997
C0173,S-ORS,12,2.254453391289243
C0173,S-ORS,18,1.9615798258493191
C0173,S-ORS,24,2.283219459956385
C0174,S-ORS,3,1.7010860591068808
C0174,S-ORS,6,1.743574114268705
C0174,S-ORS,9,2.2349861695340394
C0174,S-ORS,12,2.676483100903625
C0174,S-ORS,18,1.8931715212532787
C0174,S-ORS,24,2.063186472800612
C0175,G-ORS,3,1.7137104300027126
C0175,G-ORS,6,1.6718397779700502
C0175,G-ORS,9,1.6835236068278905
C0175,G-ORS,12,1.8163798216888623
C0175,G-ORS,18,1.4868503217162112
C0175,G-ORS,24,1.2795506310898213
C0176,G-ORS,3,2.6438828188898196
C0176,G-ORS,6,2.438946135398673
C0176,G-ORS,9,2.309523729217245
C0176,G-ORS,12,2.1727550640589772
C0176,G-ORS,18,2.0009316404871305
C0176,G-ORS,24,1.8155997481237702
C0177,I-ORS,3,1.8140651240613141
C0177,I-ORS,6,1.7829020349644416
C0177,I-ORS,9,1.7181304302884637
C0177,I-ORS,12,1.764165142381286
C0177,I-ORS,18,1.552696528321214
C0177,I-ORS,24,1.337937477174146
C0178,S-ORS,3,1.8414868845442376
C0178,S-ORS,6,1.6411603656749907
C0178,S-ORS,9,1.637792983840621
C0178,S-ORS,12,1.6511633726075954
C0178,S-ORS,18,1.5214242495071364
C0178,S-ORS,24,1.624939652061613
C0179,S-ORS,3,1.7516668539070481
C0179,S-ORS,6,1.8781096154724877
C0179,S-ORS,9,2.2009926007782203
C0179,S-ORS,12,2.0100153611925315
C0179,S-ORS,18,1.7070622483421716
C0179,S-ORS,24,1.2695264038480685
C0180,G-ORS,3,2.321420515918056
C0180,G-ORS,6,2.384934574236839
C0180,G-ORS,9,1.8856175345402768
C0180,G-ORS,12,1.8581134797994276
C0180,G-ORS,18,1.9730644668244577
C0180,G-ORS,24,1.6658049417835699
C0181,S-ORS,3,2.806334569202689
C0181,S-ORS,6,2.482462734802126
C0181,S-ORS,9,2.39757095362037
C0181,S-ORS,12,2.2084038828682337
C0181,S-ORS,18,2.278440456121266
C0181,S-ORS,24,1.8119447573267617
C0182,I-ORS,3,1.319251817215434
C0182,I-ORS,6,1.167128862704011
C0182,I-ORS,9,1.0881964617718318
C0182,I-ORS,12,1.2920664231889916
C0182,I-ORS,18,1.148307956378525
C0182,I-ORS,24,1.117716691851216
C0183,I-ORS,3,1.5877250363961988
C0183,I-ORS,6,1.4656196348330908
C0183,I-ORS,9,1.5188762496464248
C0183,I-ORS,12,1.765483029433188
C0183,I-ORS,18,1.7585944390660015
C0183,I-ORS,24,1.5604603298775925
C0184,S-ORS,3,1.0657334797005302
C0184,S-ORS,6,1.0202883363940418
C0184,S-ORS,9,1.0338842372170778
C0184,S-ORS,12,1.4388526846738947
C0184,S-ORS,18,1.1996312917834822
C0184,S-ORS,24,1.460782874556397
C0185,S-ORS,3,2.303020367170187
C0185,S-ORS,6,2.6441167899028217
C0185,S-ORS,9,2.4924894670259663
C0185,S-ORS,12,2.3605862899136043
C0185,S-ORS,18,2.427678384352407
C0185,S-ORS,24,2.379489154888382
C0186,I-ORS,3,1.8302581114490934
C0186,I-ORS,6,1.6557245604746607
C0186,I-ORS,9,1.6140280111210208
C0186,I-ORS,12,2.3245519019765597
C0186,I-ORS,18,1.9642475484284712
C0186,I-ORS,24,2.0068300890848696
C0187,S-ORS,3,0.9701115635800599
C0187,S-ORS,6,1.266564302805375
C0187,S-ORS,9,1.2000296083752924
C0187,S-ORS,12,1.4058376037541611
C0187,S-ORS,18,1.4944434452676125
C0187,S-ORS,24,1.7174699886290283
C0188,S-ORS,3,1.6839326478337246
C0188,S-ORS,6,1.7078214841808628
C0188,S-ORS,9,2.1266878790695944
C0188,S-ORS,12,2.317169525464159
C0188,S-ORS,18,1.6527839755049198
C0188,S-ORS,24,1.8514896560688967
C0189,G-ORS,3,1.987589270091111
C0189,G-ORS,6,2.050279666104543
C0189,G-ORS,9,2.0048102604441196
C0189,G-ORS,12,2.0296784917976325
C0189,G-ORS,18,1.7730562767798936
C0189,G-ORS,24,1.8335811875028718
C0190,G-ORS,3,1.8825797129543893
C0190,G-ORS,6,1.690915299590072
C0190,G-ORS,9,1.5959761568573771
C0190,G-ORS,12,1.6694701346758878
C0190,G-ORS,18,1.6819514627582752
C0190,G-ORS,24,1.912610840220399
C0191,S-ORS,3,1.4212548782126124
C0191,S-ORS,6,1.351033516208993
C0191,S-ORS,9,1.3047506801743205
C0191,S-ORS,12,1.2720305448147342
C0191,S-ORS,18,1.4366860773354022
C0191,S-ORS,24,1.0451651327539475
C0192,S-ORS,3,1.6353982361991857
C0192,S-ORS,6,1.3767680434391607
C0192,S-ORS,9,1.3556274883069541
C0192,S-ORS,12,1.567591502282477
C0192,S-ORS,18,1.2876302458927666
C0192,S-ORS,24,1.088352513221718
C0193,S-ORS,3,1.7322358166298348
C0193,S-ORS,6,1.8244365222247954
C0193,S-ORS,9,1.8542324834754866
C0193,S-ORS,12,1.8756648924985042
C0193,S-ORS,18,1.5505291412133255
C0193,S-ORS,24,1.3655013931099207
C0194,G-ORS,3,1.6543004757824455
C0194,G-ORS,6,1.5321846962345398
C0194,G-ORS,9,1.4218497566414006
C0194,G-ORS,12,1.3328220398339292
C0194,G-ORS,18,1.2782962831357707
C0194,G-ORS,24,1.0333476989720818
C0195,S-ORS,3,0.7685116031927168
C0195,S-ORS,6,0.9966227551108993
C0195,S-ORS,9,1.0324975585852885
C0195,S-ORS,12,1.2194591016223297
C0195,S-ORS,18,1.2025834529720103
C0195,S-ORS,24,1.4220676305390967
C0196,G-ORS,3,1.780254725930718
C0196,G-ORS,6,1.6975047780697872
C0196,G-ORS,9,1.7434217037892177
C0196,G-ORS,12,1.8397274702544664
C0196,G-ORS,18,1.4171993886303573
C0196,G-ORS,24,1.0146451754073489
C0197,I-ORS,3,1.4958705625771316
C0197,I-ORS,6,1.5494563761927262
C0197,I-ORS,9,1.39549932597775
C0197,I-ORS,12,1.7371405430895
C0197,I-ORS,18,1.5080671992258243
C0197,I-ORS,24,1.2398980061225104
C0198,I-ORS,3,2.1077058678480407
C0198,I-ORS,6,2.282603436240327
C0198,I-ORS,9,2.232458176111839
C0198,I-ORS,12,2.028769596335596
C0198,I-ORS,18,1.7737016928189064
C0198,I-ORS,24,1.8044628081427896
C0199,G-ORS,3,0.6255447250303968
C0199,G-ORS,6,0.9114839795726768
C0199,G-ORS,9,0.957088111634706
C0199,G-ORS,12,1.190157806964547
C0199,G-ORS,18,1.084083812140837
C0199,G-ORS,24,1.1530386527088303
C0200,S-ORS,3,2.003694858414414
C0200,S-ORS,6,2.244122596746036
C0200,S-ORS,9,2.4750625668632207
C0200,S-ORS,12,2.72629981854222
C0200,S-ORS,18,2.347350003064982
C0200,S-ORS,24,1.864364663040207
